{
  "config": {
    "mode": "qp",
    "noise_factor": 0.05,
    "timeout": 1200,
    "max_iterations": 40,
    "lambda_cbf": 0.01,
    "decoupled_sbc": true,
    "t_gap": 2.0
  },
  "max_prob_bound": 0.8692118363176203,
  "final_prob_bound": 0.8692118363176203,
  "iterations": [
    0,
    1,
    2,
    3,
    4,
    5,
    6,
    7,
    8,
    9,
    10,
    11,
    12,
    13,
    14,
    15,
    16,
    17,
    18,
    19,
    20,
    21,
    22,
    23,
    24,
    25,
    26,
    27,
    28,
    29,
    30,
    31,
    32,
    33,
    34,
    35,
    36,
    37,
    38,
    39
  ],
  "prob_bounds": [
    0.0,
    0.556586169741343,
    0.8185038179773398,
    0.8571162131239526,
    0.8571162131239526,
    0.8586712517139736,
    0.8645959516256383,
    0.8652234114016948,
    0.8652234114016948,
    0.8652234114016948,
    0.8652412157517215,
    0.8652412157517215,
    0.8652412157517215,
    0.8652412157517215,
    0.8652412157517215,
    0.8652412157517215,
    0.8692118363176203,
    0.8692118363176203,
    0.8692118363176203,
    0.8692118363176203,
    0.8692118363176203,
    0.8692118363176203,
    0.8692118363176203,
    0.8692118363176203,
    0.8692118363176203,
    0.8692118363176203,
    0.8692118363176203,
    0.8692118363176203,
    0.8692118363176203,
    0.8692118363176203,
    0.8692118363176203,
    0.8692118363176203,
    0.8692118363176203,
    0.8692118363176203,
    0.8692118363176203,
    0.8692118363176203,
    0.8692118363176203,
    0.8692118363176203,
    0.8692118363176203,
    0.8692118363176203
  ],
  "hard_violations": [
    0.0,
    0.0,
    0.0,
    0.0,
    0.0,
    0.0,
    0.0,
    0.0,
    0.0,
    0.0,
    0.0,
    0.0,
    0.0,
    0.0,
    0.0,
    0.0,
    0.0,
    0.0,
    0.0,
    0.0,
    0.0,
    0.0,
    0.0,
    0.0,
    0.0,
    0.0,
    0.0,
    0.0,
    0.0,
    0.0,
    0.0,
    0.0,
    0.0,
    0.0,
    0.0,
    0.0,
    0.0,
    0.0,
    0.0,
    0.0
  ],
  "timing": [
    0.00037097930908203125,
    6.987760066986084,
    13.81291389465332,
    20.772964477539062,
    27.453189849853516,
    34.174092531204224,
    40.53235912322998,
    47.502217531204224,
    54.22011137008667,
    60.84702801704407,
    67.29962182044983,
    73.83666110038757,
    80.31381297111511,
    86.74401354789734,
    93.5278332233429,
    100.18472194671631,
    106.82872271537781,
    113.36370420455933,
    120.31686902046204,
    127.00882244110107,
    133.21910691261292,
    139.98376202583313,
    146.67712020874023,
    153.57656598091125,
    159.92844796180725,
    166.16869473457336,
    172.63188004493713,
    179.14841985702515,
    185.55981278419495,
    191.42903900146484,
    197.97463202476501,
    204.3767852783203,
    211.21441340446472,
    217.74878597259521,
    224.32937932014465,
    230.6727728843689,
    236.94463920593262,
    243.40780186653137,
    250.13531589508057,
    256.8886868953705
  ],
  "total_runtime": 263.5123116970062,
  "num_iterations": 40,
  "final_sbc_metrics": {
    "loss_l": 1.851217618584633,
    "dec_loss": 0.0002866407507099211,
    "lip_loss": 6.592272710800171,
    "region_loss": 1.5579846024513244
  },
  "final_ctrl_metrics": {
    "loss_p": 23.164020919799803,
    "dec_loss": 0.15526589155197143,
    "mse_loss": 2.091368183493614,
    "cbf_loss": 69.76802307628095
  }
}