{
  "mode": "baseline",
  "noise_factor": 0.05,
  "config": {
    "mode": "baseline",
    "noise_factor": 0.05,
    "timeout": 1800,
    "max_iterations": 50,
    "lambda_cbf": 1.0,
    "lambda_mse": 10.0,
    "t_gap": 1.5,
    "batch_size": 256,
    "verify_batch_size": 2048,
    "verify_reach_prob": 0.9,
    "fail_check_fast": true
  },
  "max_prob_bound": 0.9617605314812858,
  "final_prob_bound": 0.9617605314812858,
  "iterations": [
    0,
    1,
    2,
    3,
    4,
    5,
    6,
    7,
    8,
    9,
    10,
    11,
    12,
    13,
    14,
    15,
    16,
    17,
    18,
    19,
    20,
    21,
    22,
    23,
    24,
    25,
    26,
    27,
    28,
    29,
    30,
    31,
    32,
    33,
    34,
    35,
    36,
    37,
    38,
    39,
    40,
    41,
    42,
    43,
    44,
    45,
    46,
    47,
    48,
    49
  ],
  "prob_bounds": [
    0.0,
    0.0,
    0.0,
    0.0,
    0.0,
    0.0,
    0.0,
    0.0,
    0.42538064768452655,
    0.42538064768452655,
    0.42538064768452655,
    0.42538064768452655,
    0.42538064768452655,
    0.42538064768452655,
    0.42538064768452655,
    0.42538064768452655,
    0.42538064768452655,
    0.9301555928786014,
    0.9301555928786014,
    0.9301555928786014,
    0.9301555928786014,
    0.9301555928786014,
    0.9301555928786014,
    0.9301555928786014,
    0.9617605314812858,
    0.9617605314812858,
    0.9617605314812858,
    0.9617605314812858,
    0.9617605314812858,
    0.9617605314812858,
    0.9617605314812858,
    0.9617605314812858,
    0.9617605314812858,
    0.9617605314812858,
    0.9617605314812858,
    0.9617605314812858,
    0.9617605314812858,
    0.9617605314812858,
    0.9617605314812858,
    0.9617605314812858,
    0.9617605314812858,
    0.9617605314812858,
    0.9617605314812858,
    0.9617605314812858,
    0.9617605314812858,
    0.9617605314812858,
    0.9617605314812858,
    0.9617605314812858,
    0.9617605314812858,
    0.9617605314812858
  ],
  "hard_violations": [
    2.0,
    0.0,
    0.0,
    0.0,
    0.0,
    1.0,
    5.0,
    9.0,
    10.0,
    12.0,
    17.0,
    15.0,
    19.0,
    12.0,
    15.0,
    15.0,
    16.0,
    5.0,
    3.0,
    1.0,
    1.0,
    1.0,
    1.0,
    0.0,
    2.0,
    1.0,
    1.0,
    1.0,
    3.0,
    2.0,
    3.0,
    2.0,
    0.0,
    3.0,
    2.0,
    0.0,
    0.0,
    3.0,
    1.0,
    2.0,
    0.0,
    0.0,
    0.0,
    1.0,
    1.0,
    1.0,
    1.0,
    2.0,
    1.0,
    0.0
  ],
  "timing": [
    0.0003821849822998047,
    5.613780975341797,
    10.764085054397583,
    15.81992506980896,
    21.007747888565063,
    26.22525978088379,
    31.53570318222046,
    36.615713596343994,
    42.13489556312561,
    47.481353998184204,
    53.0996036529541,
    58.15770220756531,
    63.53756833076477,
    68.66769766807556,
    73.63830876350403,
    78.87823438644409,
    83.73192572593689,
    89.27477812767029,
    94.59637832641602,
    99.84141612052917,
    105.05931544303894,
    110.58739256858826,
    115.78553891181946,
    120.64894342422485,
    126.19496846199036,
    132.09574723243713,
    138.00716185569763,
    143.25909638404846,
    148.73569440841675,
    154.88235664367676,
    161.38514852523804,
    167.25934886932373,
    173.5535500049591,
    178.865389585495,
    185.3444058895111,
    191.5509810447693,
    197.98482823371887,
    204.8086051940918,
    211.39239835739136,
    217.51837539672852,
    223.9361288547516,
    230.04429268836975,
    236.77443099021912,
    243.04777431488037,
    249.63239789009094,
    256.29659152030945,
    262.4963524341583,
    268.82606959342957,
    274.7680423259735,
    281.48969531059265
  ],
  "total_runtime": 288.0402600765228,
  "num_iterations": 50,
  "final_l_metrics": {
    "loss_l": 12.696231734752654,
    "dec_loss": 0.012352649273816496,
    "lip_loss": 6.833062934875488,
    "region_loss": 0.33674927353858947
  },
  "final_p_metrics": {
    "loss_p": 0.05525336298160255,
    "dec_loss": 0.005525336306891404,
    "mse_loss": 0.0
  }
}