{
  "mode": "qp",
  "noise_factor": 0.05,
  "config": {
    "mode": "qp",
    "noise_factor": 0.05,
    "timeout": 1800,
    "max_iterations": 50,
    "lambda_cbf": 0.01,
    "lambda_mse": 10.0,
    "t_gap": 1.5,
    "batch_size": 256,
    "verify_batch_size": 2048,
    "verify_reach_prob": 0.9,
    "fail_check_fast": true
  },
  "max_prob_bound": 0.8792984774006645,
  "final_prob_bound": 0.8792984774006645,
  "iterations": [
    0,
    1,
    2,
    3,
    4,
    5,
    6,
    7,
    8,
    9,
    10,
    11,
    12,
    13,
    14,
    15,
    16,
    17,
    18,
    19,
    20,
    21,
    22,
    23,
    24,
    25,
    26,
    27,
    28,
    29,
    30,
    31,
    32,
    33,
    34,
    35,
    36,
    37,
    38,
    39,
    40,
    41,
    42,
    43,
    44,
    45,
    46,
    47,
    48,
    49
  ],
  "prob_bounds": [
    0.0,
    0.5105861163650953,
    0.7998545222238092,
    0.860213830830271,
    0.860213830830271,
    0.8615562922685922,
    0.8615562922685922,
    0.8615562922685922,
    0.8615562922685922,
    0.8615562922685922,
    0.8658195624902304,
    0.8663024548591965,
    0.8663024548591965,
    0.8692957159424497,
    0.8692957159424497,
    0.8692957159424497,
    0.8725626459119977,
    0.8725626459119977,
    0.8725626459119977,
    0.8725626459119977,
    0.8725626459119977,
    0.8725626459119977,
    0.8725626459119977,
    0.8725626459119977,
    0.8725626459119977,
    0.8725626459119977,
    0.8725626459119977,
    0.8725626459119977,
    0.8725626459119977,
    0.8725626459119977,
    0.8725626459119977,
    0.8725626459119977,
    0.8725626459119977,
    0.8725626459119977,
    0.8725626459119977,
    0.8725626459119977,
    0.8725626459119977,
    0.8725626459119977,
    0.8792984774006645,
    0.8792984774006645,
    0.8792984774006645,
    0.8792984774006645,
    0.8792984774006645,
    0.8792984774006645,
    0.8792984774006645,
    0.8792984774006645,
    0.8792984774006645,
    0.8792984774006645,
    0.8792984774006645,
    0.8792984774006645
  ],
  "hard_violations": [
    0.0,
    0.0,
    0.0,
    0.0,
    0.0,
    0.0,
    0.0,
    0.0,
    0.0,
    0.0,
    0.0,
    0.0,
    0.0,
    0.0,
    0.0,
    0.0,
    0.0,
    0.0,
    0.0,
    0.0,
    0.0,
    0.0,
    0.0,
    0.0,
    0.0,
    0.0,
    0.0,
    0.0,
    0.0,
    0.0,
    0.0,
    0.0,
    0.0,
    0.0,
    0.0,
    0.0,
    0.0,
    0.0,
    0.0,
    0.0,
    0.0,
    0.0,
    0.0,
    0.0,
    0.0,
    0.0,
    0.0,
    0.0,
    0.0,
    0.0
  ],
  "timing": [
    0.0004405975341796875,
    8.931219577789307,
    16.318689584732056,
    23.86758780479431,
    31.390037298202515,
    38.63181400299072,
    45.07647728919983,
    52.57246279716492,
    59.876723289489746,
    67.37586522102356,
    74.68411803245544,
    81.71915197372437,
    89.2443437576294,
    97.08509516716003,
    104.33340096473694,
    111.3052442073822,
    118.78169107437134,
    125.9397234916687,
    133.1535930633545,
    140.61838507652283,
    147.49401998519897,
    154.73659467697144,
    162.36380577087402,
    169.9588508605957,
    177.56847310066223,
    185.14794874191284,
    192.56788754463196,
    200.12779068946838,
    207.84096384048462,
    215.35152792930603,
    222.76376485824585,
    230.31091713905334,
    237.8447892665863,
    245.06411051750183,
    252.69918942451477,
    259.985390663147,
    267.2880127429962,
    274.9357879161835,
    282.52557706832886,
    290.174840927124,
    297.63566613197327,
    305.2138469219208,
    312.8040916919708,
    320.64511704444885,
    328.34839844703674,
    335.36377024650574,
    343.3240303993225,
    351.27984142303467,
    358.47320199012756,
    366.25627851486206
  ],
  "total_runtime": 373.4912087917328,
  "num_iterations": 50,
  "final_l_metrics": {
    "loss_l": 1.850358983874321,
    "dec_loss": 0.00029520632087951524,
    "lip_loss": 6.483715046197176,
    "region_loss": 1.5486689567565919
  },
  "final_p_metrics": {
    "loss_p": 15.841107892990113,
    "dec_loss": 0.18290410060435533,
    "mse_loss": 1.2394571185112,
    "cbf_loss": 161.7495638847351
  }
}