{
  "mode": "qp",
  "noise_factor": 0.05,
  "config": {
    "mode": "qp",
    "noise_factor": 0.05,
    "timeout": 600,
    "max_iterations": 20,
    "lambda_cbf": 1.0,
    "lambda_mse": 10.0,
    "t_gap": 1.5,
    "batch_size": 256,
    "verify_batch_size": 2048,
    "verify_reach_prob": 0.9,
    "fail_check_fast": true
  },
  "max_prob_bound": 0.7638712648088771,
  "final_prob_bound": 0.7638712648088771,
  "iterations": [
    0,
    1,
    2,
    3,
    4,
    5,
    6,
    7,
    8,
    9,
    10,
    11,
    12,
    13,
    14,
    15,
    16,
    17,
    18,
    19
  ],
  "prob_bounds": [
    0.0,
    0.5579406822962241,
    0.7638712648088771,
    0.7638712648088771,
    0.7638712648088771,
    0.7638712648088771,
    0.7638712648088771,
    0.7638712648088771,
    0.7638712648088771,
    0.7638712648088771,
    0.7638712648088771,
    0.7638712648088771,
    0.7638712648088771,
    0.7638712648088771,
    0.7638712648088771,
    0.7638712648088771,
    0.7638712648088771,
    0.7638712648088771,
    0.7638712648088771,
    0.7638712648088771
  ],
  "hard_violations": [
    0.0,
    0.0,
    0.0,
    0.0,
    0.0,
    0.0,
    0.0,
    0.0,
    0.0,
    0.0,
    0.0,
    0.0,
    7.0,
    15.0,
    0.0,
    6.0,
    0.0,
    3.0,
    0.0,
    10.0
  ],
  "timing": [
    0.0004258155822753906,
    7.737386465072632,
    15.516693830490112,
    23.348517656326294,
    30.7864248752594,
    37.352548360824585,
    44.7877140045166,
    51.804649353027344,
    59.14907217025757,
    66.14072227478027,
    73.8197922706604,
    81.11968564987183,
    88.72110748291016,
    96.1803777217865,
    103.34473443031311,
    110.71273875236511,
    117.64483308792114,
    124.80051040649414,
    132.30059361457825,
    139.7286593914032
  ],
  "total_runtime": 147.476731300354,
  "num_iterations": 20,
  "final_l_metrics": {
    "loss_l": 27.541279602050782,
    "dec_loss": 0.008883721975144,
    "lip_loss": 6.7235260844230655,
    "region_loss": 18.650834178924562
  },
  "final_p_metrics": {
    "loss_p": 58.94039173126221,
    "dec_loss": 0.623669945448637,
    "mse_loss": 1.552079151570797,
    "cbf_loss": 37.18290044879541
  }
}