{
  "mode": "baseline",
  "noise_factor": 0.05,
  "config": {
    "mode": "baseline",
    "noise_factor": 0.05,
    "timeout": 600,
    "max_iterations": 20,
    "lambda_cbf": 1.0,
    "lambda_mse": 10.0,
    "t_gap": 1.5,
    "batch_size": 256,
    "verify_batch_size": 2048,
    "verify_reach_prob": 0.9,
    "fail_check_fast": true
  },
  "max_prob_bound": 0.9063738118773972,
  "final_prob_bound": 0.9063738118773972,
  "iterations": [
    0,
    1,
    2,
    3,
    4,
    5,
    6,
    7,
    8,
    9,
    10,
    11,
    12,
    13,
    14,
    15,
    16,
    17,
    18,
    19
  ],
  "prob_bounds": [
    0.0,
    0.0,
    0.0,
    0.0,
    0.0,
    0.0,
    0.0,
    0.0,
    0.0,
    0.0,
    0.0,
    0.0,
    0.0,
    0.0,
    0.0,
    0.0,
    0.8227663684538078,
    0.8669920041193424,
    0.8669920041193424,
    0.9063738118773972
  ],
  "hard_violations": [
    1.0,
    0.0,
    5.0,
    0.0,
    4.0,
    7.0,
    6.0,
    8.0,
    10.0,
    3.0,
    5.0,
    15.0,
    11.0,
    14.0,
    17.0,
    12.0,
    9.0,
    2.0,
    1.0,
    1.0
  ],
  "timing": [
    0.0004277229309082031,
    6.616374731063843,
    12.776939630508423,
    18.923997402191162,
    24.872854471206665,
    31.26865863800049,
    37.53253507614136,
    43.95419764518738,
    50.167349100112915,
    56.59652543067932,
    63.46868824958801,
    69.86828804016113,
    75.80613112449646,
    81.63577342033386,
    87.82672381401062,
    94.5444586277008,
    100.38994002342224,
    106.97392678260803,
    113.43458819389343,
    119.62492227554321
  ],
  "total_runtime": 125.69649004936218,
  "num_iterations": 20,
  "final_l_metrics": {
    "loss_l": 15.716114711761474,
    "dec_loss": 0.014839084877166897,
    "lip_loss": 4.793008369207382,
    "region_loss": 0.8722368746995925
  },
  "final_p_metrics": {
    "loss_p": 0.0693993104621768,
    "dec_loss": 0.006939931045053527,
    "mse_loss": 0.0
  }
}